temp_C,soc,days,reported,predicted,error_pct,in_dist_error_pct,edge_error_pct
0.0,0.5,0.0,1.0,1.0,0.0,0.0,
10.0,0.5,0.0,1.0,1.0,0.0,0.0,
25.0,0.0,0.0,1.0,1.0,0.0,0.0,
25.0,0.5,0.0,1.0,1.0,0.0,0.0,
25.0,1.0,0.0,1.0,1.0,0.0,0.0,
40.0,0.0,0.0,1.0,1.0,0.0,0.0,
40.0,0.125,0.0,1.0,1.0,0.0,0.0,
40.0,0.25,0.0,1.0,1.0,0.0,0.0,
40.0,0.375,0.0,1.0,1.0,0.0,0.0,
40.0,0.5,0.0,1.0,1.0,0.0,0.0,
40.0,0.625,0.0,1.0,1.0,0.0,0.0,
40.0,0.75,0.0,1.0,1.0,0.0,0.0,
40.0,0.875,0.0,1.0,1.0,0.0,0.0,
40.0,1.0,0.0,1.0,1.0,0.0,0.0,
60.0,0.0,0.0,1.0,1.0,0.0,,0.0
60.0,0.5,0.0,1.0,1.0,0.0,,0.0
60.0,1.0,0.0,1.0,1.0,0.0,,0.0
0.0,0.5,6.680416666666667,0.9984281787644116,0.9990468143541975,0.061960950516390986,0.061960950516390986,
10.0,0.5,6.680416666666667,0.997259097525909,0.9978244559992178,0.05669123247021101,0.05669123247021101,
25.0,0.0,6.680416666666667,1.002006720622933,0.9959427859772643,-0.6051790393081324,-0.6051790393081324,
25.0,0.5,6.680416666666667,0.997544256583167,0.9932379766287738,-0.4316881106752413,-0.4316881106752413,
25.0,1.0,6.680416666666667,0.989325855440494,0.989180762606038,-0.014665828620375035,-0.014665828620375035,
40.0,0.0,6.680416666666667,1.0021036463202886,0.9886876193696978,-1.338786362054885,-1.338786362054885,
40.0,0.125,6.680416666666667,1.0022097775775798,0.9886876193696978,-1.349234313056301,-1.349234313056301,
40.0,0.25,6.680416666666667,0.9971643616397688,0.9886876193696978,-0.8500847599618961,-0.8500847599618961,
40.0,0.375,6.680416666666667,0.9957232854972742,0.9886876193696978,-0.7065884900002767,-0.7065884900002767,
40.0,0.5,6.680416666666667,0.9976011011682716,0.9811460322828297,-1.649463785291705,-1.649463785291705,
40.0,0.625,6.680416666666667,0.9940638952475516,0.9811460322828297,-1.2995002661780535,-1.2995002661780535,
40.0,0.75,6.680416666666667,0.9881789614572724,0.9811460322828297,-0.7117060217585642,-0.7117060217585642,
40.0,0.875,6.680416666666667,0.9839995537470112,0.9698336516525276,-1.4396248494768873,-1.4396248494768873,
40.0,1.0,6.680416666666667,0.9857783140513358,0.9698336516525276,-1.6174693814554604,-1.6174693814554604,
60.0,0.0,6.680416666666667,0.9996582662779276,0.9615459426288853,-3.8125352367612284,,-3.8125352367612284
60.0,0.5,6.680416666666667,0.9854016728756138,0.9359099043814755,-5.022496902172965,,-5.022496902172965
60.0,1.0,6.680416666666667,0.9743588630010772,0.8974558470103607,-7.8926788589833405,,-7.8926788589833405
0.0,0.5,11.540833333333332,0.9982569528929536,0.9987471637734803,0.049106683314958585,0.049106683314958585,
10.0,0.5,11.540833333333332,0.9965981743002018,0.9971405356883306,0.05442127048944647,0.05442127048944647,
25.0,0.0,11.540833333333332,1.000974350782839,0.994667329781128,-0.6300881732662192,-0.6300881732662192,
25.0,0.5,11.540833333333332,0.9971392010924836,0.99111221630188,-0.6044276249494879,-0.6044276249494879,
25.0,1.0,11.540833333333332,0.9857846292513288,0.985779546083008,-0.0005156469445744011,-0.0005156469445744011,
40.0,0.0,11.540833333333332,1.001769734205957,0.9851313746443476,-1.6608966106165752,-1.6608966106165752,
40.0,0.125,11.540833333333332,1.001399927537966,0.9851313746443476,-1.6245809936911042,-1.6245809936911042,
40.0,0.25,11.540833333333332,0.9957665751321484,0.9851313746443476,-1.0680415223205655,-1.0680415223205655,
40.0,0.375,11.540833333333332,0.9927974137846056,0.9851313746443476,-0.772165502631052,-0.772165502631052,
40.0,0.5,11.540833333333332,0.9949266867080409,0.9752189577405793,-1.9808222284869443,-1.9808222284869443,
40.0,0.625,11.540833333333332,0.9912694117431572,0.9752189577405793,-1.6191818099534607,-1.6191818099534607,
40.0,0.75,11.540833333333332,0.9838151276888816,0.9752189577405793,-0.8737586672910646,-0.8737586672910646,
40.0,0.875,11.540833333333332,0.9789860803276552,0.960350332384927,-1.9035763957431444,-1.9035763957431444,
40.0,1.0,11.540833333333332,0.980651067025102,0.960350332384927,-2.0701282365152793,-2.0701282365152793,
60.0,0.0,11.540833333333332,0.9967736557935458,0.949457237062523,-4.746957190933531,,-4.746957190933531
60.0,0.5,11.540833333333332,0.9774479056577974,0.9157620617708717,-6.31090859470538,,-6.31090859470538
60.0,1.0,11.540833333333332,0.9629752413631224,0.8652192988333948,-10.151449209779367,,-10.151449209779367
0.0,0.5,17.04125,0.9974794155319548,0.9984776081790641,0.10007150338805469,0.10007150338805469,
10.0,0.5,17.04125,0.995940170695786,0.9965253039557799,0.05875184847550512,0.05875184847550512,
25.0,0.0,17.04125,1.0004072218355533,0.9935199722412945,-0.6884446097482209,-0.6884446097482209,
25.0,0.5,17.04125,0.9958790271896132,0.9891999537354909,-0.6706711630398308,-0.6706711630398308,
25.0,1.0,17.04125,0.9826481366693748,0.9827199259767854,0.007305698218073377,0.007305698218073377,
40.0,0.0,17.04125,1.0008347802858288,0.9819322963761296,-1.8886717650140932,-1.8886717650140932,
40.0,0.125,17.04125,0.9995570948685722,0.9819322963761296,-1.7632608065035151,-1.7632608065035151,
40.0,0.25,17.04125,0.9938380601486084,0.9819322963761296,-1.1979581231472063,-1.1979581231472063,
40.0,0.375,17.04125,0.9902305559541652,0.9819322963761296,-0.8380128777221605,-0.8380128777221605,
40.0,0.5,17.04125,0.9919390639584604,0.9698871606268826,-2.2231106862126033,-2.2231106862126033,
40.0,0.625,17.04125,0.9884900410343024,0.9698871606268826,-1.8819491987956405,-1.8819491987956405,
40.0,0.75,17.04125,0.9808293876849364,0.9698871606268826,-1.115609625429442,-1.115609625429442,
40.0,0.875,17.04125,0.974729265908706,0.9518194570030122,-2.3503766334886658,-2.3503766334886658,
40.0,1.0,17.04125,0.9762535927149324,0.9518194570030122,-2.5028472001797817,-2.5028472001797817,
60.0,0.0,17.04125,0.9939405956729666,0.9385826437049394,-5.569543311644899,,-5.569543311644899
60.0,0.5,17.04125,0.9711616629327552,0.8976377395082322,-7.570719297391982,,-7.570719297391982
60.0,1.0,17.04125,0.9549131177308332,0.8362203832131716,-12.429689394121214,,-12.429689394121214
0.0,0.5,29.504583333333333,0.996626815334943,0.9979968177601384,0.1374639337528696,0.1374639337528696,
10.0,0.5,29.504583333333333,0.9946752214275812,0.9954279513926844,0.07567595420973496,0.07567595420973496,
25.0,0.0,29.504583333333333,0.999969769856286,0.9914734982535125,-0.8496528454049789,-0.8496528454049789,
25.0,0.5,29.504583333333333,0.9937936620017932,0.9857891637558542,-0.8054487115379207,-0.8054487115379207,
25.0,1.0,29.504583333333333,0.978755025710694,0.9772626620093667,-0.15247571272940125,-0.15247571272940125,
40.0,0.0,29.504583333333333,1.0000741489139473,0.9762262891085631,-2.3846091643586917,-2.3846091643586917,
40.0,0.125,29.504583333333333,0.997126922478008,0.9762262891085631,-2.096085553231654,-2.096085553231654,
40.0,0.25,29.504583333333333,0.9903571839638504,0.9762262891085631,-1.426848321403512,-1.426848321403512,
40.0,0.375,29.504583333333333,0.9863721155876484,0.9762262891085631,-1.028600293819203,-1.028600293819203,
40.0,0.5,29.504583333333333,0.9879182048937228,0.9603771485142719,-2.7877871106154686,-2.7877871106154686,
40.0,0.625,29.504583333333333,0.9840506582406492,0.9603771485142719,-2.4057206331940613,-2.4057206331940613,
40.0,0.75,29.504583333333333,0.976173173657907,0.9603771485142719,-1.618158086074459,-1.618158086074459,
40.0,0.875,29.504583333333333,0.9684839189446466,0.9366034376228349,-3.2917925324513075,-3.2917925324513075,
40.0,1.0,29.504583333333333,0.9698482130798614,0.9366034376228349,-3.427832830815239,-3.427832830815239,
60.0,0.0,29.504583333333333,0.9903926618768284,0.919186272773144,-7.189712913335383,,-7.189712913335383
60.0,0.5,29.504583333333333,0.9604974732615312,0.8653104546219067,-9.910178973860384,,-9.910178973860384
60.0,1.0,29.504583333333333,0.9424454384922648,0.7844967273950506,-16.75945414409373,,-16.75945414409373
0.0,0.5,42.045833333333334,0.9954282242395202,0.997608682729521,0.21904728406376303,0.21904728406376303,
10.0,0.5,42.045833333333334,0.993683792834215,0.9945420748154701,0.0863737526408698,0.0863737526408698,
25.0,0.0,42.045833333333334,0.998870769203824,0.9898214099159774,-0.9059589655486252,-0.9059589655486252,
25.0,0.5,42.045833333333334,0.990195204351366,0.9830356831932957,-0.7230413888704069,-0.7230413888704069,
25.0,1.0,42.045833333333334,0.9731721156741044,0.9728570931092732,-0.03237069370951702,-0.03237069370951702,
40.0,0.0,42.045833333333334,0.9987012462032088,0.9716199134023887,-2.711655052376866,-2.711655052376866,
40.0,0.125,42.045833333333334,0.995239343874972,0.9716199134023887,-2.373241232668804,-2.373241232668804,
40.0,0.25,42.045833333333334,0.9878718713851656,0.9716199134023887,-1.6451483692909354,-1.6451483692909354,
40.0,0.375,42.045833333333334,0.983059729599317,0.9716199134023887,-1.1636949264101146,-1.1636949264101146,
40.0,0.5,42.045833333333334,0.9844840791342924,0.9526998556706479,-3.228515741117319,-3.228515741117319,
40.0,0.625,42.045833333333334,0.9806153459331738,0.9526998556706479,-2.8467319401330577,-2.8467319401330577,
40.0,0.75,42.045833333333334,0.9719443187623962,0.9526998556706479,-1.979996458670887,-1.979996458670887,
40.0,0.875,42.045833333333334,0.9633924925037096,0.9243197690730366,-4.055742984785879,-4.055742984785879,
40.0,1.0,42.045833333333334,0.9645284404468292,0.9243197690730366,-4.168738804131627,-4.168738804131627,
60.0,0.0,42.045833333333334,0.9872722923893612,0.9035278679274251,-8.482404004194304,,-8.482404004194304
60.0,0.5,42.045833333333334,0.9533776090988754,0.8392131132123752,-11.974740627106554,,-11.974740627106554
60.0,1.0,42.045833333333334,0.9339118274317544,0.7427409811398002,-20.46990311897768,,-20.46990311897768
0.0,0.5,53.56666666666666,0.994464311279692,0.9973008748046622,0.2852353264764282,0.2852353264764282,
10.0,0.5,53.56666666666666,0.9927049804756296,0.9938395362415117,0.11428931940469038,0.11428931940469038,
25.0,0.0,53.56666666666666,0.9979267842027382,0.9885112321614701,-0.9435113066726983,-0.9435113066726983,
25.0,0.5,53.56666666666666,0.98850834104087,0.9808520536024502,-0.7745293712299883,-0.7745293712299883,
25.0,1.0,53.56666666666666,0.9703649575193276,0.9693632857639203,-0.10322629106146163,-0.10322629106146163,
40.0,0.0,53.56666666666666,0.9973959116887704,0.96796685754453,-2.9505890087730235,-2.9505890087730235,
40.0,0.125,53.56666666666666,0.99327209883503,0.96796685754453,-2.547664564441049,-2.547664564441049,
40.0,0.25,53.56666666666666,0.9858398423793678,0.96796685754453,-1.8129704305417962,-1.8129704305417962,
40.0,0.375,53.56666666666666,0.9802554759643932,0.96796685754453,-1.2536138507947028,-1.2536138507947028,
40.0,0.5,53.56666666666666,0.9814540362717824,0.9466114292408834,-3.5501007426954514,-3.5501007426954514,
40.0,0.625,53.56666666666666,0.977775889282049,0.9466114292408834,-3.1872804783567217,-3.1872804783567217,
40.0,0.75,53.56666666666666,0.968769783820122,0.9466114292408834,-2.2872673104916883,-2.2872673104916883,
40.0,0.875,53.56666666666666,0.9592807598921748,0.9145782867854133,-4.659998925839616,-4.659998925839616,
40.0,1.0,53.56666666666666,0.9601873355512616,0.9145782867854133,-4.750015656024378,-4.750015656024378,
60.0,0.0,53.56666666666666,0.984323464340092,0.8911100732890711,-9.469792647228298,,-9.469792647228298
60.0,0.5,53.56666666666666,0.9468951037482668,0.8185167888151185,-13.557818012255543,,-13.557818012255543
60.0,1.0,53.56666666666666,0.9263793625385977,0.7096268621041896,-23.397811868393937,,-23.397811868393937
0.0,0.5,81.04166666666667,0.9936405505743828,0.9966800625592667,0.30589653201319317,0.30589653201319317,
10.0,0.5,81.04166666666667,0.991385959958792,0.9924225988778091,0.10456461568814866,0.10456461568814866,
25.0,0.0,81.04166666666667,0.9967887060345983,0.9858687583069835,-1.0955127863613467,-1.0955127863613467,
25.0,0.5,81.04166666666667,0.9865287653902138,0.9764479305116391,-1.0218490562297289,-1.0218490562297289,
25.0,1.0,81.04166666666667,0.9663339743043948,0.9623166888186226,-0.41572433471191794,-0.41572433471191794,
40.0,0.0,81.04166666666667,0.9960248203065112,0.9605990751499947,-3.5567130892998033,-3.5567130892998033,
40.0,0.125,81.04166666666667,0.990433781037812,0.9605990751499947,-3.0122867837318172,-3.0122867837318172,
40.0,0.25,81.04166666666667,0.9819774219190376,0.9605990751499947,-2.1770711109899166,-2.1770711109899166,
40.0,0.375,81.04166666666667,0.9756059702185764,0.9605990751499947,-1.5382127136039976,-1.5382127136039976,
40.0,0.5,81.04166666666667,0.9767363609526872,0.9343317919166577,-4.341454944368921,-4.341454944368921,
40.0,0.625,81.04166666666667,0.9727740380223252,0.9343317919166577,-3.951816619594574,-3.951816619594574,
40.0,0.75,81.04166666666667,0.9634579162930024,0.9343317919166577,-3.023082158939566,-3.023082158939566,
40.0,0.875,81.04166666666667,0.952505284359706,0.8949308670666524,-6.044524711666708,-6.044524711666708,
40.0,1.0,81.04166666666667,0.953223141402846,0.8949308670666524,-6.1152810715868355,-6.1152810715868355,
60.0,0.0,81.04166666666667,0.981077438681663,0.8660648475177223,-11.723090005870539,,-11.723090005870539
60.0,0.5,81.04166666666667,0.9359664168730648,0.7767747458628704,-17.008267405793458,,-17.008267405793458
60.0,1.0,81.04166666666667,0.9135106359880244,0.6428395933805926,-29.629763676991296,,-29.629763676991296
0.0,0.5,107.46666666666664,0.9928304789430704,0.9961769268537882,0.33706135958681593,0.33706135958681593,
10.0,0.5,107.46666666666664,0.9900066452832677,0.9912742455948436,0.12803957605892805,0.12803957605892805,
25.0,0.0,107.46666666666664,0.995912145303826,0.9837271720917532,-1.2234988065493955,-1.2234988065493955,
25.0,0.5,107.46666666666664,0.9846354823472484,0.9728786201529219,-1.1940319443190877,-1.1940319443190877,
25.0,1.0,107.46666666666664,0.9614193141382869,0.9566057922446751,-0.5006683163969982,-0.5006683163969982,
40.0,0.0,107.46666666666664,0.9944798293975492,0.9546278746455268,-4.007316546195263,-4.007316546195263,
40.0,0.125,107.46666666666664,0.98778012080268,0.9546278746455268,-3.3562374316880694,-3.3562374316880694,
40.0,0.25,107.46666666666664,0.9786834299991044,0.9546278746455268,-2.4579506116293017,-2.4579506116293017,
40.0,0.375,107.46666666666664,0.971657646340248,0.9546278746455268,-1.7526514363226484,-1.7526514363226484,
40.0,0.5,107.46666666666664,0.9727201231949888,0.9243797910758779,-4.969603379884099,-4.969603379884099,
40.0,0.625,107.46666666666664,0.9686696941834294,0.9243797910758779,-4.572239987840964,-4.572239987840964,
40.0,0.75,107.46666666666664,0.9590227686420078,0.9243797910758779,-3.612320655867735,-3.612320655867735,
40.0,0.875,107.46666666666664,0.9468883372774708,0.8790076657214047,-7.1688148310326865,-7.1688148310326865,
40.0,1.0,107.46666666666664,0.9474250665938344,0.8790076657214047,-7.221404972786161,-7.221404972786161,
60.0,0.0,107.46666666666664,0.977956397050518,0.845767007984444,-13.516900085193212,,-13.516900085193212
60.0,0.5,107.46666666666664,0.9272173544138268,0.7429450133074067,-19.873694148327754,,-19.873694148327754
60.0,1.0,107.46666666666664,0.9032272427878334,0.5887120212918509,-34.8212727203869,,-34.8212727203869
0.0,0.5,136.94583333333333,0.9921100639672528,0.995684311109336,0.36026719936601576,0.36026719936601576,
10.0,0.5,136.94583333333333,0.989199184983092,0.9901499029945816,0.09610986603328574,0.09610986603328574,
25.0,0.0,136.94583333333333,0.9951236409164592,0.9816303638624083,-1.3559397545438943,-1.3559397545438943,
25.0,0.5,136.94583333333333,0.9828895646372386,0.9693839397706805,-1.3740734821559286,-1.3740734821559286,
25.0,1.0,136.94583333333333,0.9562150598906144,0.9510143036330887,-0.5438898084412761,-0.5438898084412761,
40.0,0.0,136.94583333333333,0.9930549719416456,0.9487815247447874,-4.4583077923967975,-4.4583077923967975,
40.0,0.125,136.94583333333333,0.9851526859243775,0.9487815247447874,-3.6919313827442672,-3.6919313827442672,
40.0,0.25,136.94583333333333,0.975563147598136,0.9487815247447874,-2.7452474931310937,-2.7452474931310937,
40.0,0.375,136.94583333333333,0.9678494009163632,0.9487815247447874,-1.9701284263359837,-1.9701284263359837,
40.0,0.5,136.94583333333333,0.9687548693106328,0.9146358745746457,-5.586448796329487,-5.586448796329487,
40.0,0.625,136.94583333333333,0.9646761733500768,0.9146358745746457,-5.187263887906946,-5.187263887906946,
40.0,0.75,136.94583333333333,0.9548549086940132,0.9146358745746457,-4.212057114978491,-4.212057114978491,
40.0,0.875,136.94583333333333,0.9417235215435836,0.8634173993194331,-8.315192350276929,-8.315192350276929,
40.0,1.0,136.94583333333333,0.9421316313164813,0.8634173993194331,-8.354908102072468,-8.354908102072468,
60.0,0.0,136.94583333333333,0.9752019342806822,0.8258935718049335,-15.310507211604326,,-15.310507211604326
60.0,0.5,136.94583333333333,0.9205536288083012,0.7098226196748891,-22.891768881103967,,-22.891768881103967
60.0,1.0,136.94583333333333,0.8951888480698232,0.5357161914798225,-40.15606956734144,,-40.15606956734144
0.0,0.5,161.36249999999998,0.9913689372475568,0.9953153513408741,0.398077238961527,0.398077238961527,
10.0,0.5,161.36249999999998,0.9881376968728696,0.9893077918965576,0.11841416711365219,0.11841416711365219,
25.0,0.0,161.36249999999998,0.9942833685596512,0.9800598946122459,-1.4305251799605037,-1.4305251799605037,
25.0,0.5,161.36249999999998,0.9812586304977072,0.9667664910204097,-1.476892944110662,-1.476892944110662,
25.0,1.0,161.36249999999998,0.9519813076443564,0.9468263856326555,-0.5414940367323534,-0.5414940367323534,
40.0,0.0,161.36249999999998,0.9916769771863296,0.9444027205144787,-4.7671023689570236,-4.7671023689570236,
40.0,0.125,161.36249999999998,0.9829369569718523,0.9444027205144787,-3.9203161692166506,-3.9203161692166506,
40.0,0.25,161.36249999999998,0.9730167137425562,0.9444027205144787,-2.940750433568424,-2.940750433568424,
40.0,0.375,161.36249999999998,0.9646867275901666,0.9444027205144787,-2.102652238862901,-2.102652238862901,
40.0,0.5,161.36249999999998,0.965732578553232,0.9073378675241311,-6.046675065739445,-6.046675065739445,
40.0,0.625,161.36249999999998,0.9615888015613792,0.9073378675241311,-5.641801771106121,-5.641801771106121,
40.0,0.75,161.36249999999998,0.951579197536503,0.9073378675241311,-4.649253590968158,-4.649253590968158,
40.0,0.875,161.36249999999998,0.937788484500802,0.8517405880386097,-9.175618797238352,-9.175618797238352,
40.0,1.0,161.36249999999998,0.9382705975489,0.8517405880386097,-9.222287231033105,-9.222287231033105,
60.0,0.0,161.36249999999998,0.9729315668342696,0.8110087483011938,-16.642775715453574,,-16.642775715453574
60.0,0.5,161.36249999999998,0.9149094981384968,0.6850145805019896,-25.127612961091618,,-25.127612961091618
60.0,1.0,161.36249999999998,0.8889565357951861,0.49602332880318334,-44.20162192075202,,-44.20162192075202
0.0,0.5,186.79166666666663,0.9904873307947992,0.9949597222804539,0.4515344463887197,0.4515344463887197,
10.0,0.5,186.79166666666663,0.987033016611436,0.9884961067098282,0.14823112031399818,0.14823112031399818,
25.0,0.0,186.79166666666663,0.9934292773741308,0.9785461672316635,-1.4981549750382663,-1.4981549750382663,
25.0,0.5,186.79166666666663,0.979787819349744,0.9642436120527726,-1.5864870934288198,-1.5864870934288198,
25.0,1.0,186.79166666666663,0.9488118126142228,0.9427897792844362,-0.6346920695679689,-0.6346920695679689,
40.0,0.0,186.79166666666663,0.9904385066168158,0.9401821247549998,-5.0741546826045685,-5.0741546826045685,
40.0,0.125,186.79166666666663,0.9808731108529476,0.9401821247549998,-4.148445466362482,-4.148445466362482,
40.0,0.25,186.79166666666663,0.9703722752964,0.9401821247549998,-3.1111926123588596,-3.1111926123588596,
40.0,0.375,186.79166666666663,0.961763664448029,0.9401821247549998,-2.2439545691731966,-2.2439545691731966,
40.0,0.5,186.79166666666663,0.962758014610391,0.900303541258333,-6.487037490654606,-6.487037490654606,
40.0,0.625,186.79166666666663,0.9584533892465852,0.900303541258333,-6.0670501706882405,-6.0670501706882405,
40.0,0.75,186.79166666666663,0.9484019078483358,0.900303541258333,-5.071517274688406,-5.071517274688406,
40.0,0.875,186.79166666666663,0.9339254531440562,0.8404856660133329,-10.005058414047788,-10.005058414047788,
40.0,1.0,186.79166666666663,0.934455005948158,0.8404856660133329,-10.05605827318329,-10.05605827318329,
60.0,0.0,186.79166666666663,0.9707864929564928,0.7966617212005906,-17.936464198797395,,-17.936464198797395
60.0,0.5,186.79166666666663,0.910548812593035,0.661102868667651,-27.395120445549637,,-27.395120445549637
60.0,1.0,186.79166666666663,0.8831965775091701,0.45776458986824164,-48.16956932065458,,-48.16956932065458
0.0,0.5,213.275,0.9898925584572816,0.9946142561587796,0.4769909280716912,0.4769909280716912,
10.0,0.5,213.275,0.9862131308619436,0.9877076173407409,0.15153788081193667,0.15153788081193667,
25.0,0.0,213.275,0.9928877390360854,0.9770756981793766,-1.5925305787398962,-1.5925305787398962,
25.0,0.5,213.275,0.9785832297079938,0.9617928302989609,-1.7157865472559888,-1.7157865472559888,
25.0,1.0,213.275,0.9447291557083148,0.9388685284783375,-0.6203499907424098,-0.6203499907424098,
40.0,0.0,213.275,0.98931339686548,0.936082142468797,-5.380626054932631,-5.380626054932631,
40.0,0.125,213.275,0.97881872419454,0.936082142468797,-4.366138557566981,-4.366138557566981,
40.0,0.25,213.275,0.9680474372743462,0.936082142468797,-3.302038058749615,-3.302038058749615,
40.0,0.375,213.275,0.9589159444641828,0.936082142468797,-2.381209961853831,-2.381209961853831,
40.0,0.5,213.275,0.9598754719467832,0.8934702374479948,-6.918109321421438,-6.918109321421438,
40.0,0.625,213.275,0.9555817500503077,0.8934702374479948,-6.499863836771989,-6.499863836771989,
40.0,0.75,213.275,0.9452254281511628,0.8934702374479948,-5.475433601527191,-5.475433601527191,
40.0,0.875,213.275,0.9301046676306244,0.8295523799167918,-10.810857230722478,-10.810857230722478,
40.0,1.0,213.275,0.930761671353449,0.8295523799167918,-10.873813839958164,-10.873813839958164,
60.0,0.0,213.275,0.968570506624969,0.7827246942204449,-19.187639013716502,,-19.187639013716502
60.0,0.5,213.275,0.9042655441351088,0.637874490367408,-29.459383418450656,,-29.459383418450656
60.0,1.0,213.275,0.8767891663221024,0.4205991845878527,-52.029609768999016,,-52.029609768999016
0.0,0.5,239.7125,0.9890917649350572,0.9942901978630442,0.5255764037554457,0.5255764037554457,
10.0,0.5,239.7125,0.9853011147392912,0.9869679890382211,0.1691741005866038,0.1691741005866038,
25.0,0.0,239.7125,0.9922445194234668,0.9756963510737716,-1.6677510458118057,-1.6677510458118057,
25.0,0.5,239.7125,0.9770072909393068,0.959493918456286,-1.792552895504321,-1.792552895504321,
25.0,1.0,239.7125,0.9405766135422058,0.9351902695300576,-0.5726640376336039,-0.5726640376336039,
40.0,0.0,239.7125,0.9880535576825432,0.9322362276631028,-5.649221095904832,-5.649221095904832,
40.0,0.125,239.7125,0.9767541930929208,0.9322362276631028,-4.557745003259271,-4.557745003259271,
40.0,0.25,239.7125,0.9656184279300832,0.9322362276631028,-3.457079867307332,-3.457079867307332,
40.0,0.375,239.7125,0.956113795895636,0.9322362276631028,-2.497356312086896,-2.497356312086896,
40.0,0.5,239.7125,0.9569250809353328,0.8870603794385047,-7.300958339240085,-7.300958339240085,
40.0,0.625,239.7125,0.9527112657415656,0.8870603794385047,-6.890953079258488,-6.890953079258488,
40.0,0.75,239.7125,0.9421703571648448,0.8870603794385047,-5.84925829041954,-5.84925829041954,
40.0,0.875,239.7125,0.9265082169629318,0.8192966071016075,-11.571576797533547,-11.571576797533547,
40.0,1.0,239.7125,0.92715430863279,0.8192966071016075,-11.633198543857583,-11.633198543857583,
60.0,0.0,239.7125,0.9659517631194392,0.7696513161742332,-20.321972011446455,,-20.321972011446455
60.0,0.5,239.7125,0.8973876883293318,0.6160855269570554,-31.346781890442145,,-31.346781890442145
60.0,1.0,239.7125,0.8696009144842503,0.38573684313128853,-55.64208400584947,,-55.64208400584947
0.0,0.5,266.17083333333335,0.988190084308079,0.9939833333499192,0.586248448940527,0.586248448940527,
10.0,0.5,266.17083333333335,0.9839497041694998,0.9862676037003576,0.23557093630250456,0.23557093630250456,
25.0,0.0,266.17083333333335,0.9927371326129965,0.9743901889308424,-1.8481169968794084,-1.8481169968794084,
25.0,0.5,266.17083333333335,0.9750623548750956,0.957316981551404,-1.8199218988374133,-1.8199218988374133,
25.0,1.0,266.17083333333335,0.93767948049507,0.9317071704822464,-0.6369244648150336,-0.6369244648150336,
40.0,0.0,266.17083333333335,0.9879421873965472,0.9285943681893591,-6.007215803141583,-6.007215803141583,
40.0,0.125,266.17083333333335,0.9744545732787822,0.9285943681893591,-4.70624350759785,-4.70624350759785,
40.0,0.25,266.17083333333335,0.9629742173246244,0.9285943681893591,-3.5701733771004593,-3.5701733771004593,
40.0,0.375,266.17083333333335,0.9536425216487968,0.9285943681893591,-2.626576824209847,-2.626576824209847,
40.0,0.5,266.17083333333335,0.9539825568067338,0.8809906136489318,-7.651286979725075,-7.651286979725075,
40.0,0.625,266.17083333333335,0.9499703513218444,0.8809906136489318,-7.261251635583163,-7.261251635583163,
40.0,0.75,266.17083333333335,0.9400000181788444,0.8809906136489318,-6.277596105182778,-6.277596105182778,
40.0,0.875,266.17083333333335,0.9237036306471478,0.8095849818382909,-12.354465763970774,-12.354465763970774,
40.0,1.0,266.17083333333335,0.923940833159727,0.8095849818382909,-12.376966924424993,-12.376966924424993,
60.0,0.0,266.17083333333335,0.9659978604967964,0.7572715812875069,-21.60732313650726,,-21.60732313650726
60.0,0.5,266.17083333333335,0.8904252892290923,0.5954526354791783,-33.12716488603933,,-33.12716488603933
60.0,1.0,266.17083333333335,0.8623199403202503,0.352724216766685,-59.095899297459184,,-59.095899297459184
0.0,0.5,292.77916666666664,0.9878564992361594,0.9936897610741204,0.5904968831476559,0.5904968831476559,
10.0,0.5,292.77916666666664,0.9836568192726508,0.9855975564685067,0.19729819972080345,0.19729819972080345,
25.0,0.0,292.77916666666664,0.9910500126416948,0.9731406049077275,-1.807114424652382,-1.807114424652382,
25.0,0.5,292.77916666666664,0.9747696500366356,0.9552343415128791,-2.0040948672357928,-2.0040948672357928,
25.0,1.0,292.77916666666664,0.9342371371799376,0.9283749464206066,-0.6274842356434769,-0.6274842356434769,
40.0,0.0,292.77916666666664,0.985929622620215,0.9251102606170677,-6.168732595893939,-6.168732595893939,
40.0,0.125,292.77916666666664,0.9728367470533932,0.9251102606170677,-4.905909093265992,-4.905909093265992,
40.0,0.25,292.77916666666664,0.9609250140538312,0.9251102606170677,-3.7271122005319337,-3.7271122005319337,
40.0,0.375,292.77916666666664,0.9507331649257108,0.9251102606170677,-2.69506789643183,-2.69506789643183,
40.0,0.5,292.77916666666664,0.9516439445802584,0.8751837676951129,-8.03453616455993,-8.03453616455993,
40.0,0.625,292.77916666666664,0.9475392477176908,0.8751837676951129,-7.636145964070451,-7.636145964070451,
40.0,0.75,292.77916666666664,0.9367277238698444,0.8751837676951129,-6.570100852836813,-6.570100852836813,
40.0,0.875,292.77916666666664,0.9199657722791034,0.8002940283121805,-13.008282217984114,-13.008282217984114,
40.0,1.0,292.77916666666664,0.920767480642248,0.8002940283121805,-13.084025539871973,-13.084025539871973,
60.0,0.0,292.77916666666664,0.9601129785542636,0.7454280907923989,-22.360377638591743,,-22.360377638591743
60.0,0.5,292.77916666666664,0.8836631942849076,0.5757134846539982,-34.84921762302361,,-34.84921762302361
60.0,1.0,292.77916666666664,0.856408270642878,0.321141575446397,-62.50134585863745,,-62.50134585863745
0.0,0.5,319.30833333333334,0.9872957749249884,0.993410069344225,0.6192971320778877,0.6192971320778877,
10.0,0.5,319.30833333333334,0.9829612896530078,0.9849591900938954,0.20325321677651512,0.20325321677651512,
25.0,0.0,319.30833333333334,0.9903854772047492,0.9719501031271226,-1.8614342094008067,-1.8614342094008067,
25.0,0.5,319.30833333333334,0.9737199173298988,0.9532501718785378,-2.102221089149791,-2.102221089149791,
25.0,1.0,319.30833333333334,0.9309367908292204,0.9252002750056604,-0.616208949959999,-0.616208949959999,
40.0,0.0,319.30833333333334,0.9849310460929308,0.9217908869759962,-6.410617206900103,-6.410617206900103,
40.0,0.125,319.30833333333334,0.9709662963402348,0.9217908869759962,-5.064584584407357,-5.064584584407357,
40.0,0.25,319.30833333333334,0.9592592587427884,0.9217908869759962,-3.9059692596450395,-3.9059692596450395,
40.0,0.375,319.30833333333334,0.9483430168881062,0.9217908869759962,-2.7998445118769544,-2.7998445118769544,
40.0,0.5,319.30833333333334,0.9491942769573524,0.869651478293327,-8.380033528963137,-8.380033528963137,
40.0,0.625,319.30833333333334,0.944874274677478,0.869651478293327,-7.961143445230046,-7.961143445230046,
40.0,0.75,319.30833333333334,0.9349945149553646,0.869651478293327,-6.988601068441236,-6.988601068441236,
40.0,0.875,319.30833333333334,0.917052604115976,0.7914423652693232,-13.697168328499437,-13.697168328499437,
40.0,1.0,319.30833333333334,0.9179337050552152,0.7914423652693232,-13.78000819550289,-13.78000819550289,
60.0,0.0,319.30833333333334,0.957026369152116,0.734144578629803,-23.28899157917422,,-23.28899157917422
60.0,0.5,319.30833333333334,0.877563439026372,0.5569076310496717,-36.539330801253236,,-36.539330801253236
60.0,1.0,319.30833333333334,0.8504353748256722,0.2910522096794743,-65.7760932464579,,-65.7760932464579
0.0,0.5,345.83750000000003,0.9868962172397326,0.993141774515652,0.6328484360176863,0.6328484360176863,
10.0,0.5,345.83750000000003,0.9826297676089976,0.9843468359241561,0.17474214315088252,0.17474214315088252,
25.0,0.0,345.83750000000003,0.9899675314586516,0.9708081120097497,-1.9353583668215597,-1.9353583668215597,
25.0,0.5,345.83750000000003,0.9729437142274038,0.9513468533495829,-2.219744119008007,-2.219744119008007,
25.0,1.0,345.83750000000003,0.928518698811912,0.9221549653593326,-0.6853640600584645,-0.6853640600584645,
40.0,0.0,345.83750000000003,0.9839671363743322,0.9186067714416041,-6.64253535677669,-6.64253535677669,
40.0,0.125,345.83750000000003,0.9692399129593968,0.9186067714416041,-5.2240050002887015,-5.2240050002887015,
40.0,0.25,345.83750000000003,0.9572145746453516,0.9186067714416041,-4.033348867264352,-4.033348867264352,
40.0,0.375,345.83750000000003,0.946527599636864,0.9186067714416041,-2.9498165934064384,-2.9498165934064384,
40.0,0.5,345.83750000000003,0.9472737931023226,0.8643446190693401,-8.754509481507915,-8.754509481507915,
40.0,0.625,345.83750000000003,0.9429231489703076,0.8643446190693401,-8.33350310539909,-8.33350310539909,
40.0,0.75,345.83750000000003,0.932144576074364,0.8643446190693401,-7.273545193016812,-7.273545193016812,
40.0,0.875,345.83750000000003,0.9145958728385942,0.7829513905109442,-14.393732383579469,-14.393732383579469,
40.0,1.0,345.83750000000003,0.9154462013100156,0.7829513905109442,-14.473249286464855,-14.473249286464855,
60.0,0.0,345.83750000000003,0.9540721489956692,0.7233208479370971,-24.18593827536827,,-24.18593827536827
60.0,0.5,345.83750000000003,0.8729857796272141,0.5388680798951617,-38.27298308051807,,-38.27298308051807
60.0,1.0,345.83750000000003,0.8458597162636968,0.2621889278322588,-69.00326108560992,,-69.00326108560992
0.0,0.5,376.31666666666666,0.984626424523397,0.9928459421978092,0.8347854038541384,0.8347854038541384,
10.0,0.5,376.31666666666666,0.980556278180746,0.9836716303887445,0.31771273891372404,0.31771273891372404,
25.0,0.0,376.31666666666666,0.9882553864896418,0.9695489081667038,-1.8928789641496282,-1.8928789641496282,
25.0,0.5,376.31666666666666,0.970607005841997,0.9492481802778397,-2.200563712769471,-2.200563712769471,
25.0,1.0,376.31666666666666,0.9246363894867848,0.9187970884445436,-0.6315240356787561,-0.6315240356787561,
40.0,0.0,376.31666666666666,0.981466797449666,0.9150958417534361,-6.762424961159602,-6.762424961159602,
40.0,0.125,376.31666666666666,0.9659010751889396,0.9150958417534361,-5.259879581929814,-5.259879581929814,
40.0,0.25,376.31666666666666,0.9534908795236144,0.9150958417534361,-4.0267860547718515,-4.0267860547718515,
40.0,0.375,376.31666666666666,0.9428794857992194,0.9150958417534361,-2.946680298408755,-2.946680298408755,
40.0,0.5,376.31666666666666,0.9434605607661392,0.8584930695890601,-9.005939909992739,-9.005939909992739,
40.0,0.625,376.31666666666666,0.9394422738119196,0.8584930695890601,-8.616729998150566,-8.616729998150566,
40.0,0.75,376.31666666666666,0.9303310271535832,0.8584930695890601,-7.721763057211647,-7.721763057211647,
40.0,0.875,376.31666666666666,0.9118583531800178,0.7735889113424962,-15.163478116455298,-15.163478116455298,
40.0,1.0,376.31666666666666,0.9121888613432574,0.7735889113424962,-15.194216447311554,-15.194216447311554,
60.0,0.0,376.31666666666666,0.948312338710875,0.7113861813035227,-24.983979195022073,,-24.983979195022073
60.0,0.5,376.31666666666666,0.8666163271021622,0.5189769688392043,-40.114563664570326,,-40.114563664570326
60.0,1.0,376.31666666666666,0.8397126052022749,0.2303631501427269,-72.56642942888351,,-72.56642942888351
0.0,0.5,402.7416666666666,0.984896490157094,0.9925990239354535,0.7820653089271261,0.7820653089271261,
10.0,0.5,402.7416666666666,0.9803577766288076,0.9831080659386114,0.28053934750855264,0.28053934750855264,
25.0,0.0,402.7416666666666,0.9880361740187495,0.968497905939687,-1.977485095468963,-1.977485095468963,
25.0,0.5,402.7416666666666,0.9697740289102572,0.9474965098994784,-2.297186596738646,-2.297186596738646,
25.0,1.0,402.7416666666666,0.9216599563548132,0.9159944158391654,-0.614710498875873,-0.614710498875873,
40.0,0.0,402.7416666666666,0.9809236953737344,0.9121654227100521,-7.009543452560314,-7.009543452560314,
40.0,0.125,402.7416666666666,0.9647425455313314,0.9121654227100521,-5.449860490222553,-5.449860490222553,
40.0,0.25,402.7416666666666,0.9520614396702132,0.9121654227100521,-4.1904876405855465,-4.1904876405855465,
40.0,0.375,402.7416666666666,0.9410172161958956,0.9121654227100521,-3.0660218526583622,-3.0660218526583622,
40.0,0.5,402.7416666666666,0.94167176906941,0.8536090378500869,-9.35174379352473,-9.35174379352473,
40.0,0.625,402.7416666666666,0.9374009876628244,0.8536090378500869,-8.938752029870574,-8.938752029870574,
40.0,0.75,402.7416666666666,0.9278398230226222,0.8536090378500869,-8.000387925872145,-8.000387925872145,
40.0,0.875,402.7416666666666,0.9087976797222082,0.7657744605601389,-15.73763031677052,-15.73763031677052,
40.0,1.0,402.7416666666666,0.9094045490087452,0.7657744605601389,-15.793860785627666,-15.793860785627666,
60.0,0.0,402.7416666666666,0.9457155855869276,0.7014248384440148,-25.831312380381434,,-25.831312380381434
60.0,0.5,402.7416666666666,0.8619207463943301,0.5023747307400246,-41.71450996607206,,-41.71450996607206
60.0,1.0,402.7416666666666,0.8349546405088448,0.2037995691840394,-75.59154003146348,,-75.59154003146348
0.0,0.5,429.25,0.9845467447900452,0.9923593400782943,0.7935220272263563,0.7935220272263563,
10.0,0.5,429.25,0.9798330917260392,0.9825610132423992,0.278406755129552,0.278406755129552,
25.0,0.0,429.25,0.9874473068780752,0.9674776968014439,-2.0223469077826026,-2.0223469077826026,
25.0,0.5,429.25,0.968823662434826,0.94579616133574,-2.376851638946743,-2.376851638946743,
25.0,1.0,429.25,0.9192022505158006,0.9132738581371839,-0.6449497240993589,-0.6449497240993589,
40.0,0.0,429.25,0.9803156434952685,0.9093208613855459,-7.242032969768192,-7.242032969768192,
40.0,0.125,429.25,0.9631533370770414,0.9093208613855459,-5.589190590863262,-5.589190590863262,
40.0,0.25,429.25,0.9504001635778342,0.9093208613855459,-4.322316405927685,-4.322316405927685,
40.0,0.375,429.25,0.9388854436897364,0.9093208613855459,-3.1489019776474834,-3.1489019776474834,
40.0,0.5,429.25,0.9395581699573654,0.8488681023092431,-9.652416481274122,-9.652416481274122,
40.0,0.625,429.25,0.9354019192693288,0.8488681023092431,-9.250977058896767,-9.250977058896767,
40.0,0.75,429.25,0.9256078084059814,0.8488681023092431,-8.29073668132664,-8.29073668132664,
40.0,0.875,429.25,0.9063270400482356,0.7581889636947889,-16.344881020604067,-16.344881020604067,
40.0,1.0,429.25,0.9070581505820672,0.7581889636947889,-16.412309044546657,-16.412309044546657,
60.0,0.0,429.25,0.9429342914495212,0.6917553508319015,-26.638011035901144,,-26.638011035901144
60.0,0.5,429.25,0.8579819137286585,0.48625891805316923,-43.32527174844955,,-43.32527174844955
60.0,1.0,429.25,0.830724716183455,0.17801426888507055,-78.57120831761092,,-78.57120831761092
0.0,0.5,455.7916666666667,0.9838748241377612,0.9921266617731462,0.8387080788063389,0.8387080788063389,
10.0,0.5,455.7916666666667,0.9793411562474738,0.9820299499672583,0.27455128405786566,0.27455128405786566,
25.0,0.0,455.7916666666667,0.9870549257803766,0.9664873066433564,-2.0837360312810578,-2.0837360312810578,
25.0,0.5,455.7916666666667,0.9671220089563805,0.9441455110722606,-2.3757600045638205,-2.3757600045638205,
25.0,1.0,455.7916666666667,0.9157801406919294,0.9106328177156169,-0.5620697313247435,-0.5620697313247435,
40.0,0.0,455.7916666666667,0.9794228283578236,0.9065594417567048,-7.439420900908264,-7.439420900908264,
40.0,0.125,455.7916666666667,0.9614753648807652,0.9065594417567048,-5.711630805108638,-5.711630805108638,
40.0,0.25,455.7916666666667,0.9485747117269816,0.9065594417567048,-4.429305298871349,-4.429305298871349,
40.0,0.375,455.7916666666667,0.9368597064554002,0.9065594417567048,-3.23423715310974,-3.23423715310974,
40.0,0.5,455.7916666666667,0.9373593702241548,0.8442657362611745,-9.931477394920417,-9.931477394920417,
40.0,0.625,455.7916666666667,0.933064592834382,0.8442657362611745,-9.516903465757084,-9.516903465757084,
40.0,0.75,455.7916666666667,0.924184863573162,0.8442657362611745,-8.647526102407408,-8.647526102407408,
40.0,0.875,455.7916666666667,0.9037115785110728,0.7508251780178792,-16.917610012818965,-16.917610012818965,
40.0,1.0,455.7916666666667,0.904956479684125,0.7508251780178792,-17.031902099871733,-17.031902099871733,
60.0,0.0,455.7916666666667,0.9399238049743592,0.6823684859178323,-27.401723170906706,,-27.401723170906706
60.0,0.5,455.7916666666667,0.8543080868659225,0.47061414319638706,-44.912830578151066,,-44.912830578151066
60.0,1.0,455.7916666666667,0.8269011396176292,0.15298262911421923,-81.49928428143653,,-81.49928428143653
0.0,0.5,482.2916666666667,0.9834554179168984,0.9919010149525029,0.8587676555276446,0.8587676555276446,
10.0,0.5,482.2916666666667,0.9787152730983182,0.9815149353013244,0.28605481900198765,0.28605481900198765,
25.0,0.0,482.2916666666667,0.9865597933007074,0.9655268458465209,-2.131948574938079,-2.131948574938079,
25.0,0.5,482.2916666666667,0.966205994306504,0.942544743077535,-2.4488826780620325,-2.4488826780620325,
25.0,1.0,482.2916666666667,0.9136121045043352,0.9080715889240559,-0.6064406932617372,-0.6064406932617372,
40.0,0.0,482.2916666666667,0.9785024917897556,0.9038814715896395,-7.626042940741883,-7.626042940741883,
40.0,0.125,482.2916666666667,0.959656338750146,0.9038814715896395,-5.811962564968575,-5.811962564968575,
40.0,0.25,482.2916666666667,0.9465397242157364,0.9038814715896395,-4.506757776219246,-4.506757776219246,
40.0,0.375,482.2916666666667,0.9347991239414662,0.9038814715896395,-3.30741135287614,-3.30741135287614,
40.0,0.5,482.2916666666667,0.9348175146667176,0.8398024526493991,-10.16402244572764,-10.16402244572764,
40.0,0.625,482.2916666666667,0.9312093762439784,0.8398024526493991,-9.815936772809135,-9.815936772809135,
40.0,0.75,482.2916666666667,0.9220619654110916,0.8398024526493991,-8.921256471631816,-8.921256471631816,
40.0,0.875,482.2916666666667,0.90131900762294,0.7436839242390385,-17.489377462440796,-17.489377462440796,
40.0,1.0,482.2916666666667,0.9024655863090816,0.7436839242390385,-17.594206857175674,-17.594206857175674,
60.0,0.0,482.2916666666667,0.9365569266221806,0.6732652898879343,-28.11272110109134,,-28.11272110109134
60.0,0.5,482.2916666666667,0.8500516480926196,0.45544214981322384,-46.42182615195637,,-46.42182615195637
60.0,1.0,482.2916666666667,0.8225497091936191,0.12870743970115806,-84.3526247395631,,-84.3526247395631
0.0,0.5,508.7916666666667,0.9828787641388932,0.9916814867455341,0.8956061447062671,0.8956061447062671,
10.0,0.5,508.7916666666667,0.9782072764301768,0.9810138857148387,0.2869135562867849,0.2869135562867849,
25.0,0.0,508.7916666666667,0.9860838917560596,0.9645924287960522,-2.1794761216243446,-2.1794761216243446,
25.0,0.5,508.7916666666667,0.9654175759693348,0.9409873813267537,-2.5305313732300436,-2.5305313732300436,
25.0,1.0,508.7916666666667,0.9110683133555616,0.9055798101228061,-0.6024249940754468,-0.6024249940754468,
40.0,0.0,508.7916666666667,0.9777039024378322,0.9012761169588234,-7.817068673699863,-7.817068673699863,
40.0,0.125,508.7916666666667,0.958035169892508,0.9012761169588234,-5.924527065123616,-5.924527065123616,
40.0,0.25,508.7916666666667,0.9446399500347262,0.9012761169588234,-4.590514414969295,-4.590514414969295,
40.0,0.375,508.7916666666667,0.9328197225551892,0.9012761169588234,-3.38153287646634,-3.38153287646634,
40.0,0.5,508.7916666666667,0.9329572068389084,0.8354601949313724,-10.450319820978734,-10.450319820978734,
40.0,0.625,508.7916666666667,0.9288857285831912,0.8354601949313724,-10.057806980662596,-10.057806980662596,
40.0,0.75,508.7916666666667,0.919930915263794,0.8354601949313724,-9.182289553580153,-9.182289553580153,
40.0,0.875,508.7916666666667,0.899037432237233,0.7367363118901957,-18.052765605449245,-18.052765605449245,
40.0,1.0,508.7916666666667,0.9002600316919006,0.7367363118901957,-18.16405416714848,-18.16405416714848,
60.0,0.0,508.7916666666667,0.9333844169488574,0.664408935092275,-28.817224390336083,,-28.817224390336083
60.0,0.5,508.7916666666667,0.8465285468301039,0.4406815584871251,-47.94250469906849,,-47.94250469906849
60.0,1.0,508.7916666666667,0.8184483023423306,0.10509049357939992,-87.1597884339622,,-87.1597884339622
0.0,0.5,535.1666666666666,0.9822869331900866,0.991468601155762,0.9347236184703006,0.9347236184703006,
10.0,0.5,535.1666666666666,0.9775330596890104,0.9805279971896376,0.3063771062208354,0.3063771062208354,
25.0,0.0,535.1666666666666,0.9843546715941064,0.9636862859015747,-2.0996888915110685,-2.0996888915110685,
25.0,0.5,535.1666666666666,0.9644687928456572,0.9394771431692911,-2.5912346632417704,-2.5912346632417704,
25.0,1.0,535.1666666666666,0.9094461801845544,0.9031634290708657,-0.6908326463489833,-0.6908326463489833,
40.0,0.0,535.1666666666666,0.9763724481550552,0.8987495967234274,-7.950127185409962,-7.950127185409962,
40.0,0.125,535.1666666666666,0.9562588401462156,0.8987495967234274,-6.01398293102262,-6.01398293102262,
40.0,0.25,535.1666666666666,0.9431340884321264,0.8987495967234274,-4.706063777472427,-4.706063777472427,
40.0,0.375,535.1666666666666,0.9301033534907592,0.8987495967234274,-3.370997067117163,-3.370997067117163,
40.0,0.5,535.1666666666666,0.9315107109581844,0.8312493278723788,-10.763309740440151,-10.763309740440151,
40.0,0.625,535.1666666666666,0.9269775016785372,0.8312493278723788,-10.326914475574357,-10.326914475574357,
40.0,0.75,535.1666666666666,0.9179915867614248,0.8312493278723788,-9.44913440819902,-9.44913440819902,
40.0,0.875,535.1666666666666,0.8969638119512905,0.7299989245958061,-18.614450787291233,-18.614450787291233,
40.0,1.0,535.1666666666666,0.8977065053489689,0.7299989245958061,-18.681782938396914,-18.681782938396914,
60.0,0.0,535.1666666666666,0.9300430737275962,0.6558205612339063,-29.484926046985212,,-29.484926046985212
60.0,0.5,535.1666666666666,0.8427528018175752,0.4263676020565105,-49.40775027541192,,-49.40775027541192
60.0,1.0,535.1666666666666,0.8144074945291103,0.08218816329041667,-89.90822606096745,,-89.90822606096745
0.0,0.5,561.7083333333334,0.9819291340670154,0.991259603153475,0.9502181738731088,0.9502181738731088,
10.0,0.5,561.7083333333334,0.977015527570104,0.9800509816659009,0.31068637192964776,0.31068637192964776,
25.0,0.0,561.7083333333334,0.9850300538409096,0.9627966904388898,-2.2571253857002245,-2.2571253857002245,
25.0,0.5,561.7083333333334,0.9635431917710878,0.9379944840648163,-2.651537359660072,-2.651537359660072,
25.0,1.0,561.7083333333334,0.906978412669952,0.900791174503706,-0.6821814146636725,-0.6821814146636725,
40.0,0.0,561.7083333333334,0.9759979260701482,0.8962692142677601,-8.168942748005163,-8.168942748005163,
40.0,0.125,561.7083333333334,0.9549628099927232,0.8962692142677601,-6.146165600460439,-6.146165600460439,
40.0,0.25,561.7083333333334,0.9410608753563544,0.8962692142677601,-4.759698576527574,-4.759698576527574,
40.0,0.375,561.7083333333334,0.9285721260394008,0.8962692142677601,-3.478772500895641,-3.478772500895641,
40.0,0.5,561.7083333333334,0.9292120339201956,0.8271153571129334,-10.987446683889015,-10.987446683889015,
40.0,0.625,561.7083333333334,0.9247050628905048,0.8271153571129334,-10.553603488718771,-10.553603488718771,
40.0,0.75,561.7083333333334,0.915075908904732,0.8271153571129334,-9.612377611063975,-9.612377611063975,
40.0,0.875,561.7083333333334,0.8948599249093974,0.7233845713806935,-19.162256433158007,-19.162256433158007,
40.0,1.0,561.7083333333334,0.895608126424775,0.7233845713806935,-19.229789230652678,-19.229789230652678,
60.0,0.0,561.7083333333334,0.9266659125361486,0.6473890230484742,-30.137818356060443,,-30.137818356060443
60.0,0.5,561.7083333333334,0.8391624343097766,0.41231503841412365,-50.86588465399326,,-50.86588465399326
60.0,1.0,561.7083333333334,0.8104863515494113,0.05970406146259777,-92.63355128084993,,-92.63355128084993
0.0,0.5,588.2916666666666,0.981562247833256,0.9910551705069267,0.9671238573636918,0.9671238573636918,
10.0,0.5,588.2916666666666,0.9763830498538416,0.9795843860769714,0.3278770789403822,0.3278770789403822,
25.0,0.0,588.2916666666666,0.9845740970315382,0.9619265273138642,-2.3002402547411887,-2.3002402547411887,
25.0,0.5,588.2916666666666,0.9625675788051208,0.9365442121897737,-2.703536581571872,-2.703536581571872,
25.0,1.0,588.2916666666666,0.9050032999303156,0.8984707395036378,-0.721827249379182,-0.721827249379182,
40.0,0.0,588.2916666666666,0.9750465610687892,0.8938430133265276,-8.3281712878666,-8.3281712878666,
40.0,0.125,588.2916666666666,0.9532132015313916,0.8938430133265276,-6.228426978296392,-6.228426978296392,
40.0,0.25,588.2916666666666,0.9393380694280814,0.8938430133265276,-4.843310154485018,-4.843310154485018,
40.0,0.375,588.2916666666666,0.9266750614806352,0.8938430133265276,-3.5429946826937093,-3.5429946826937093,
40.0,0.5,588.2916666666666,0.9272891788815902,0.823071688877546,-11.238941678338321,-11.238941678338321,
40.0,0.625,588.2916666666666,0.922725454902413,0.823071688877546,-10.799936806274225,-10.799936806274225,
40.0,0.75,588.2916666666666,0.9130975611069164,0.823071688877546,-9.859392475020433,-9.859392475020433,
40.0,0.875,588.2916666666666,0.8927414525422795,0.7169147022040736,-19.695148000297312,-19.695148000297312,
40.0,1.0,588.2916666666666,0.8934415225103164,0.7169147022040736,-19.758072113130883,-19.758072113130883,
60.0,0.0,588.2916666666666,0.9230783953953824,0.6391416635193852,-30.759763557718035,,-30.759763557718035
60.0,0.5,588.2916666666666,0.8355011201053447,0.39856943919897536,-52.295762434319485,,-52.295762434319485
60.0,1.0,588.2916666666666,0.8067004747691997,0.03771110271836042,-95.32526583312726,,-95.32526583312726
0.0,0.5,612.2916666666666,0.980436332490386,0.9908745373368105,1.0646489221702626,1.0646489221702626,
10.0,0.5,612.2916666666666,0.9754971459927836,0.9791721102403397,0.3767273192599659,0.3767273192599659,
25.0,0.0,612.2916666666666,0.9839940211448478,0.9611576661439611,-2.3207818858815052,-2.3207818858815052,
25.0,0.5,612.2916666666666,0.9617017112704448,0.9352627769066019,-2.749182418414966,-2.749182418414966,
25.0,1.0,612.2916666666666,0.9030356412472514,0.896420443050563,-0.7325511745640158,-0.7325511745640158,
40.0,0.0,612.2916666666666,0.9740520435229196,0.8916992639070829,-8.454659087617733,-8.454659087617733,
40.0,0.125,612.2916666666666,0.951501014503126,0.8916992639070829,-6.28499073406365,-6.28499073406365,
40.0,0.25,612.2916666666666,0.9376641156442266,0.8916992639070829,-4.902059380353203,-4.902059380353203,
40.0,0.375,612.2916666666666,0.9246404259738292,0.8916992639070829,-3.562591591434346,-3.562591591434346,
40.0,0.5,612.2916666666666,0.925312313413004,0.8194987731784715,-11.435440629147195,-11.435440629147195,
40.0,0.625,612.2916666666666,0.921001044335166,0.8194987731784715,-11.02086385037326,-11.02086385037326,
40.0,0.75,612.2916666666666,0.9111010206594136,0.8194987731784715,-10.054016558410229,-10.054016558410229,
40.0,0.875,612.2916666666666,0.8907480065128308,0.7111980370855543,-20.15721260271944,-20.15721260271944,
40.0,1.0,612.2916666666666,0.8915319872113349,0.7111980370855543,-20.22742343657861,-20.22742343657861,
60.0,0.0,612.2916666666666,0.9197655292585784,0.6318544384994099,-31.30266155889242,,-31.30266155889242
60.0,0.5,612.2916666666666,0.831944467065247,0.3864240641656832,-53.55169972716736,,-53.55169972716736
60.0,1.0,612.2916666666666,0.8031685153163601,0.01827850266509279,-97.72420079765041,,-97.72420079765041
0.0,0.5,631.1666666666666,0.979146881904298,0.9907349504659765,1.1834862343779702,1.1834862343779702,
10.0,0.5,631.1666666666666,0.9741793136515394,0.9788535181793196,0.4798094624140387,0.4798094624140387,
25.0,0.0,631.1666666666666,0.9826033265771054,0.9605635176564847,-2.2430016594179683,-2.2430016594179683,
25.0,0.5,631.1666666666666,0.96027275655092,0.9342725294274746,-2.707587708395714,-2.707587708395714,
25.0,1.0,631.1666666666666,0.9017752886228638,0.8948360470839594,-0.7695089482327296,-0.7695089482327296,
40.0,0.0,631.1666666666666,0.9719948524675204,0.8900426508214565,-8.431341116469785,-8.431341116469785,
40.0,0.125,631.1666666666666,0.9490692731088124,0.8900426508214565,-6.219421907318286,-6.219421907318286,
40.0,0.25,631.1666666666666,0.935292095274324,0.8900426508214565,-4.838001377483651,-4.838001377483651,
40.0,0.375,631.1666666666666,0.9239330253970156,0.8900426508214565,-3.668055329118293,-3.668055329118293,
40.0,0.5,631.1666666666666,0.9269108355939376,0.8167377513690941,-11.886049876010759,-11.886049876010759,
40.0,0.625,631.1666666666666,0.919263202689058,0.8167377513690941,-11.153002863603504,-11.153002863603504,
40.0,0.75,631.1666666666666,0.9105757944439926,0.8167377513690941,-10.30535224497122,-10.30535224497122,
40.0,0.875,631.1666666666666,0.8900487121420377,0.7067804021905504,-20.590817946404783,-20.590817946404783,
40.0,1.0,631.1666666666666,0.8901332711087838,0.7067804021905504,-20.59836148915568,-20.59836148915568,
60.0,0.0,631.1666666666666,0.9141287619860876,0.6262231309330982,-31.495085049886125,,-31.495085049886125
60.0,0.5,631.1666666666666,0.8289798143642462,0.37703855155516364,-54.51776448328616,,-54.51776448328616
60.0,1.0,631.1666666666666,0.8005363084428663,0.0032616824882616413,-99.59256282896075,,-99.59256282896075
0.0,0.5,658.7916666666666,0.9793489724337696,0.9905343647203864,1.1421252894992118,1.1421252894992118,
10.0,0.5,658.7916666666666,0.9741242888015498,0.9783957027292204,0.43848757050557313,0.43848757050557313,
25.0,0.0,658.7916666666666,0.9825630907112736,0.9597097287819322,-2.325892570704843,-2.325892570704843,
25.0,0.5,658.7916666666666,0.9596033280763632,0.9328495479698871,-2.7880040974959086,-2.7880040974959086,
25.0,1.0,658.7916666666666,0.8996954512617911,0.8925592767518192,-0.7931766799491544,-0.7931766799491544,
40.0,0.0,658.7916666666666,0.9715722132558904,0.8876621047933859,-8.636528228952594,-8.636528228952594,
40.0,0.125,658.7916666666666,0.9479200552326332,0.8876621047933859,-6.356859959509892,-6.356859959509892,
40.0,0.25,658.7916666666666,0.93412448960738,0.8876621047933859,-4.973896448590341,-4.973896448590341,
40.0,0.375,658.7916666666666,0.9216056565485288,0.8876621047933859,-3.6830884786735782,-3.6830884786735782,
40.0,0.5,658.7916666666666,0.9226890827059424,0.8127701746556432,-11.912887028850866,-11.912887028850866,
40.0,0.625,658.7916666666666,0.9174085876694498,0.8127701746556432,-11.405868052709872,-11.405868052709872,
40.0,0.75,658.7916666666666,0.9082708059186572,0.8127701746556432,-10.514554760616939,-10.514554760616939,
40.0,0.875,658.7916666666666,0.8873707822174501,0.700432279449029,-21.066560508255712,-21.066560508255712,
40.0,1.0,658.7916666666666,0.8878619992067337,0.700432279449029,-21.11023108604322,-21.11023108604322,
60.0,0.0,658.7916666666666,0.9113331058724642,0.618130965673666,-32.17288369197357,,-32.17288369197357
60.0,0.5,658.7916666666666,0.8245152120231738,0.3635516094561101,-55.90722837435143,,-55.90722837435143
60.0,1.0,658.7916666666666,0.7969491868963976,0.0,-100.0,,-100.0
0.0,0.5,708.375,0.978927962088492,0.9901846151829907,1.1498959607286385,1.1498959607286385,
10.0,0.5,708.375,0.9734662314421249,0.9775974369231751,0.4243809746672135,0.4243809746672135,
25.0,0.0,708.375,0.9820830914395487,0.9582210274635525,-2.429739823849215,-2.429739823849215,
25.0,0.5,708.375,0.9582839490712374,0.9303683791059209,-2.9130791549177166,-2.9130791549177166,
25.0,1.0,708.375,0.8977124342714232,0.8885894065694734,-1.016252794733095,-1.016252794733095,
40.0,0.0,708.375,0.97063375366345,0.8835112870489998,-8.975833189977678,-8.975833189977678,
40.0,0.125,708.375,0.9453911446598356,0.8835112870489998,-6.545423866129084,-6.545423866129084,
40.0,0.25,708.375,0.9314050296176432,0.8835112870489998,-5.142096192920976,-5.142096192920976,
40.0,0.375,708.375,0.9181943774412848,0.8835112870489998,-3.777314612722388,-3.777314612722388,
40.0,0.5,708.375,0.918904791523382,0.8058521450816662,-12.302977140242616,-12.302977140242616,
40.0,0.625,708.375,0.914251295718776,0.8058521450816662,-11.856603446417573,-11.856603446417573,
40.0,0.75,708.375,0.9050126770685336,0.8058521450816662,-10.95681137948947,-10.95681137948947,
40.0,0.875,708.375,0.8840668791378465,0.6893634321306661,-22.02361061157022,-22.02361061157022,
40.0,1.0,708.375,0.8746950076930844,0.6893634321306661,-21.18813688570268,-21.18813688570268,
60.0,0.0,708.375,0.9075782210677364,0.6040211342512591,-33.446933803606726,,-33.446933803606726
60.0,0.5,708.375,0.8196796253660005,0.3400352237520986,-58.51608198748782,,-58.51608198748782
60.0,1.0,708.375,0.791996073520952,0.0,-100.0,,-100.0
0.0,0.5,759.9583333333334,0.9781862509928636,0.9898335200382969,1.1907005474275791,1.1907005474275791,
10.0,0.5,759.9583333333334,0.9728194414455972,0.9767960999127971,0.4087766236754792,0.4087766236754792,
25.0,0.0,759.9583333333334,0.9815345597833672,0.9567265985968998,-2.527466907730968,-2.527466907730968,
25.0,0.5,759.9583333333334,0.9568721318987454,0.9278776643281662,-3.0301297951947634,-3.0301297951947634,
25.0,1.0,759.9583333333334,0.8954940464723339,0.8846042629250659,-1.2160643155771593,-1.2160643155771593,
40.0,0.0,759.9583333333334,0.9696231363344162,0.879344499674769,-9.31069332781584,-9.31069332781584,
40.0,0.125,759.9583333333334,0.942615103904462,0.879344499674769,-6.71224171643506,-6.71224171643506,
40.0,0.25,759.9583333333334,0.9285962797531808,0.879344499674769,-5.3038959074338345,-5.3038959074338345,
40.0,0.375,759.9583333333334,0.9152224244380184,0.879344499674769,-3.920131741229983,-3.920131741229983,
40.0,0.5,759.9583333333334,0.9157275952449782,0.7989074994579483,-12.757079331630038,-12.757079331630038,
40.0,0.625,759.9583333333334,0.910984343893852,0.7989074994579483,-12.30282882325395,-12.30282882325395,
40.0,0.75,759.9583333333334,0.9017534471942924,0.7989074994579483,-11.405107244817096,-11.405107244817096,
40.0,0.875,759.9583333333334,0.880913451350967,0.6782519991327172,-23.005830130922472,-23.005830130922472,
40.0,1.0,759.9583333333334,0.8711063277438621,0.6782519991327172,-22.139011331789032,-22.139011331789032,
60.0,0.0,759.9583333333334,0.9029575417603825,0.5898570174328501,-34.674999636984005,,-34.674999636984005
60.0,0.5,759.9583333333334,0.8140814048536372,0.31642836238808336,-61.130623976729495,,-61.130623976729495
60.0,1.0,759.9583333333334,0.7867491348512888,0.0,-100.0,,-100.0
0.0,0.5,799.5833333333334,0.97778411181839,0.9895718424317129,1.205555548596637,1.205555548596637,
10.0,0.5,799.5833333333334,0.9721424808097798,0.9761988488425047,0.41726064983252437,0.41726064983252437,
25.0,0.0,799.5833333333334,0.9809946420816182,0.9556127735413673,-2.5873605676777154,-2.5873605676777154,
25.0,0.5,799.5833333333334,0.9558008988793332,0.9260212892356122,-3.1156708137267124,-3.1156708137267124,
25.0,1.0,799.5833333333334,0.8938054151799946,0.8816340627769796,-1.3617452072120033,-1.3617452072120033,
40.0,0.0,799.5833333333334,0.9682136571924268,0.8762389171461811,-9.499426016458916,-9.499426016458916,
40.0,0.125,799.5833333333334,0.940401617268218,0.8762389171461811,-6.8229040596956665,-6.8229040596956665,
40.0,0.25,799.5833333333334,0.9262056008803063,0.8762389171461811,-5.394772357955377,-5.394772357955377,
40.0,0.375,799.5833333333334,0.9127260470101488,0.8762389171461811,-3.9975992778435554,-3.9975992778435554,
40.0,0.5,799.5833333333334,0.9131291459353836,0.7937315285769684,-13.075655058201841,-13.075655058201841,
40.0,0.625,799.5833333333334,0.9084169987814126,0.7937315285769684,-12.62476047435131,-12.62476047435131,
40.0,0.75,799.5833333333334,0.8992465520477593,0.7937315285769684,-11.73371454475001,-11.73371454475001,
40.0,0.875,799.5833333333334,0.8784107099925741,0.6699704457231495,-23.729248960453447,-23.729248960453447,
40.0,1.0,799.5833333333334,0.8685902322905161,0.6699704457231495,-22.86691459142895,-22.86691459142895,
60.0,0.0,799.5833333333334,0.8979296541413119,0.5793002431668608,-35.48489678505558,,-35.48489678505558
60.0,0.5,799.5833333333334,0.8094979583591079,0.2988337386114345,-63.084065188109285,,-63.084065188109285
60.0,1.0,799.5833333333334,0.7827453425860138,0.0,-100.0,,-100.0
0.0,0.5,840.125,0.9737188921485468,0.98931073922157,1.6012677990276232,1.6012677990276232,
10.0,0.5,840.125,0.9713023283018476,0.9756029087704812,0.44276435290260124,0.44276435290260124,
25.0,0.0,840.125,0.9804957652062944,0.9545013933918255,-2.651145750639707,-2.651145750639707,
25.0,0.5,840.125,0.9545109105774846,0.9241689889863758,-3.178792537086012,-3.178792537086012,
25.0,1.0,840.125,0.8921341145378355,0.8786703823782013,-1.509160107234444,-1.509160107234444,
40.0,0.0,840.125,0.9672343036246628,0.8731401515385185,-9.72816531977113,-9.72816531977113,
40.0,0.125,840.125,0.9382077711566088,0.8731401515385185,-6.935310239210218,-6.935310239210218,
40.0,0.25,840.125,0.9240590227527684,0.8731401515385185,-5.51034836092642,-5.51034836092642,
40.0,0.375,840.125,0.9102582336495824,0.8731401515385185,-4.077752964918853,-4.077752964918853,
40.0,0.5,840.125,0.9105785083843512,0.7885669192308642,-13.399348659125879,-13.399348659125879,
40.0,0.625,840.125,0.905995723355455,0.7885669192308642,-12.961297840312122,-12.961297840312122,
40.0,0.75,840.125,0.8968521229595076,0.7885669192308642,-12.073919541084969,-12.073919541084969,
40.0,0.875,840.125,0.8760305960599758,0.6617070707693826,-24.46530135528736,-24.46530135528736,
40.0,1.0,840.125,0.866356924829565,0.6617070707693826,-23.62188703004161,-23.62188703004161,
60.0,0.0,840.125,0.894077835020249,0.5687666415890017,-36.38510884501232,,-36.38510884501232
60.0,0.5,840.125,0.8049607502159862,0.2812777359816695,-65.05696260268624,,-65.05696260268624
60.0,1.0,840.125,0.7786987913498904,0.0,-100.0,,-100.0
0.0,0.5,885.0416666666666,0.9723526446025746,0.989028712980074,1.7150226792785952,1.7150226792785952,
10.0,0.5,885.0416666666666,0.9696124770053254,0.974959214123534,0.5514303131414108,0.5514303131414108,
25.0,0.0,885.0416666666666,0.9787271656533147,0.9533009548132381,-2.5978854712900823,-2.5978854712900823,
25.0,0.5,885.0416666666666,0.9527196301145378,0.9221682580220634,-3.2067537108269137,-3.2067537108269137,
25.0,1.0,885.0416666666666,0.890081261047467,0.8754692128353014,-1.6416532794960512,-1.6416532794960512,
40.0,0.0,885.0416666666666,0.9645076518922832,0.8697930719789533,-9.819992586632964,-9.819992586632964,
40.0,0.125,885.0416666666666,0.9349234345760932,0.8697930719789533,-6.966384645890374,-6.966384645890374,
40.0,0.25,885.0416666666666,0.9205528336328554,0.8697930719789533,-5.514051969574047,-5.514051969574047,
40.0,0.375,885.0416666666666,0.9073583907161098,0.8697930719789533,-4.1400750928758185,-4.1400750928758185,
40.0,0.5,885.0416666666666,0.9075511887520632,0.7829884532982554,-13.725147076837501,-13.725147076837501,
40.0,0.625,885.0416666666666,0.9028945920023612,0.7829884532982554,-13.280192368656058,-13.280192368656058,
40.0,0.75,885.0416666666666,0.8942139517659536,0.7829884532982554,-12.43835418224494,-12.43835418224494,
40.0,0.875,885.0416666666666,0.87381149771031,0.6527815252772087,-25.29492608099993,-25.29492608099993,
40.0,1.0,885.0416666666666,0.863900208677309,0.6527815252772087,-24.437855354073548,-24.437855354073548,
60.0,0.0,885.0416666666666,0.8849703521049854,0.5573889489869301,-37.01608786541515,,-37.01608786541515
60.0,0.5,885.0416666666666,0.7995367388993796,0.2623149149782168,-67.19163707982796,,-67.19163707982796
60.0,1.0,885.0416666666666,0.7743724497430952,0.0,-100.0,,-100.0
